PROVEEDOR;REFERENCIA;COP METRO;USD METER;MUESTRARIO;T&C Traje 2P;T&C Traje 3P;T&C Pantalon;T&C Saco ;T&C Chaleco;T&C Camisa L2;PVC Traje 2;PVC Traje 3p;PVC PANTALON;PVC Saco;PVC Camisa;PVC Accesorios;PVP Traje 2P USD;PVP Traje 3P USD;PVP Pantalon USD;PVP Saco USD;PVP Camisa USD;PVP Accesorios USD;;;;;;;
PAÑOS ITALIANOS;S' 110'S - S' 120'S;235000;71,21212121;S' 110'S - S' 120'S;1152000;1440000;395500;756500;298000;0;2650000;3445000;927500;1987500;;;990;1287;346,5;742,5;0;0;;;;;;;
PAÑOS ITALIANOS;S' 150'S;380000;115,1515152;S' 150'S;1616000;2020000;584000;1032000;414000;0;3750000;4875000;1312500;2812500;;;1300;1690;455;975;0;0;;;;;;;
PAÑOS ITALIANOS;PREMIUM CAMISAS;70000;21,21212121;PREMIUM CAMISAS;0;0;0;0;0;187000;;0;0;0;550000;;0;0;0;0;220;0;;;;;;;
TEXTICORP;DORCELL;76900;23,3030303;DORCELL;646080;807600;189970;456110;171520;0;1700000;2210000;595000;1275000;;;690;897;241,5;517,5;0;0;;;;;;;
TEXTICORP;TORONTO;39000;11,81818182;TORONTO;524800;656000;140700;384100;141200;0;1500000;1950000;525000;1125000;;;520;676;182;390;0;0;;;;;;;
TEXTICORP;DRILL;30000;9,090909091;DRILL;0;0;129000;0;0;0;;0;330000;;;;0;0;160,1388889;0;0;0;;;;;;;
TEXTICORP;BARRIGNTON;170000;51,51515152;BARRIGNTON;0;0;0;633000;0;0;;0;0;1550000;;;0;0;0;690;0;0;;;;;;;
TEXTICORP;BARRIGNTON SUPER FINE;170000;51,51515152;BARRIGNTON;0;0;0;633000;0;0;;0;0;1750000;;;0;0;0;750;0;0;;;;;;;
DYSATEX;28 / 21 / 23;14780;4,478787879;COTTON BLENDED;0;0;0;0;0;87604;;0;0;0;280000;;0;0;0;0;100;0;;;;;;;
DYSATEX;25 / 26;16327;4,947575758;COTTON BLENDED;0;0;0;0;0;90388,6;;0;0;0;280000;;0;0;0;0;100;0;;;;;;;
DYSATEX;24 / 2660 - 2665 / 29;17631;5,342727273;COTTON BLENDED;0;0;0;0;0;92735,8;;0;0;0;280000;;0;0;0;0;100;0;;;;CRITHIAN;CAMISA 2L; $ 61.000 ; Surplus 
DYSATEX;30 / 31;18207;5,517272727;COTTON BLENDED;0;0;0;0;0;93772,6;;0;0;0;280000;;0;0;0;0;100;0;;;;CRITHIAN;CAMISA 3L; $ 65.000 ; $ 65.000 
DYSATEX;UV 10;21694;6,573939394;ALGODÓN EGIPCIO;0;0;0;0;0;100049,2;;0;0;0;370000;;0;0;0;0;140;0;;;;CRITHIAN;CAMISA 4L; $ 67.000 ; $ 67.000 
DYSATEX;UV 11;41154;12,47090909;ALGODÓN EGIPCIO;0;0;0;0;0;135077,2;;0;0;0;370000;;0;0;0;0;140;0;;;;CRITHIAN;CAMISASMOKING 2L; $ 70.000 ; $ 70.000 
DYSATEX;UV 12;20270;6,142424242;ALGODÓN EGIPCIO;0;0;0;0;0;97486;;0;0;0;370000;;0;0;0;0;140;0;;;;CRITHIAN;CAMISASMOKING 3L; $ 74.000 ; $ 74.000 
DYSATEX;UV 13;28028;8,493333333;ALGODÓN EGIPCIO;0;0;0;0;0;111450,4;;0;0;0;370000;;0;0;0;0;140;0;;;;CRITHIAN;CAMISASMOKING 4L; $ 76.000 ; $ 76.000 
DYSATEX;UV 14;30617;9,277878788;ALGODÓN EGIPCIO;0;0;0;0;0;116110,6;;0;0;0;370000;;0;0;0;0;140;0;;;;CRITHIAN;GUAYABERA 2L; $ 70.000 ; $ 70.000 
DYSATEX;UV 15;35007;10,60818182;ALGODÓN EGIPCIO;0;0;0;0;0;124012,6;;0;0;0;370000;;0;0;0;0;140;0;;;;CRITHIAN;GUAYABERA 3L; $ 74.000 ; $ 74.000 
DYSATEX;UV 16;24367;7,383939394;ALGODÓN EGIPCIO;0;0;0;0;0;104860,6;;0;0;0;370000;;0;0;0;0;140;0;;;;CRITHIAN;GUAYABERA 4L; $ 76.000 ; $ 76.000 
DYSATEX;UV 17;36571;11,08212121;ALGODÓN EGIPCIO;0;0;0;0;0;126827,8;;0;0;0;370000;;0;0;0;0;140;0;;;;;;;
DYSATEX;UV 17A;42040;12,73939394;ALGODÓN EGIPCIO;0;0;0;0;0;136672;;0;0;0;370000;;0;0;0;0;140;0;;;;;METROS PROMEDIO POR ARTICULO;;
DYSATEX;UV 18;47526;14,40181818;ALGODÓN EGIPCIO;0;0;0;0;0;146546,8;;0;0;0;370000;;0;0;0;0;140;0;;;;TRAJE 2P;3,2;;
DYSATEX;4176/42;13626;4,129090909;ALGODÓN EGIPCIO;0;0;0;0;0;85526,8;;0;0;0;370000;;0;0;0;0;140;0;;;;TRAJE 3P;4;;
DYSATEX;CT 1-016 - 1-018;37471;11,35484848;PIMA;0;0;0;0;0;128447,8;;0;0;0;370000;;0;0;0;0;140;0;;;;PANTALON;1,3;;
DYSATEX;CT 2-001 - 2-007;41364;12,53454545;PIMA;0;0;0;0;0;135455,2;;0;0;0;370000;;0;0;0;0;140;0;;;;SACO;1,9;;
DYSATEX;CT 3-001 - 3-006;45719;13,85424242;PIMA;0;0;0;0;0;143294,2;;0;0;0;370000;;0;0;0;0;140;0;;;;CHALECO;0,8;;
DYSATEX;CANTENBURY 86-1;35700;10,81818182;ALBINI;0;0;0;0;0;125260;;0;0;0;700000;;0;0;0;0;260;0;;;;CAMISA;1,8;;
DYSATEX;SUPER PIUMINO TWILL 551-1;59262;17,95818182;ALBINI;0;0;0;0;0;167671,6;;0;0;0;700000;;0;0;0;0;240;0;;;;;;;
DYSATEX;DUKE PREMIUM 44-10 / 44-11;59262;17,95818182;ALBINI;0;0;0;0;0;167671,6;;0;0;0;700000;;0;0;0;0;240;0;;;;;PRECIO INDICADOR;;
DYSATEX;ROYALONE 179-1;59262;17,95818182;ALBINI;0;0;0;0;0;167671,6;;0;0;0;700000;;0;0;0;0;240;0;;;;TRAJE 2P ;* 1;;
DYSATEX;ROYALE PREMIUM 53-1 / 53-5;59262;17,95818182;ALBINI;0;0;0;0;0;167671,6;;0;0;0;700000;;0;0;0;0;240;0;;;;TRAJE 3P;* 1,3;;
DYSATEX;PIUMINO PLUS;67830;20,55454545;ALBINI;0;0;0;0;0;183094;;0;0;0;700000;;0;0;0;0;240;0;;;;PANTALON;* 0,35;;
DYSATEX;JOURNEY 41;67830;20,55454545;ALBINI;0;0;0;0;0;183094;;0;0;0;700000;;0;0;0;0;240;0;;;;SACO;* 0,75;;
DYSATEX;PIQUET 100 PLUS;67830;20,55454545;ALBINI;0;0;0;0;0;183094;;0;0;0;700000;;0;0;0;0;240;0;;;;CHALECO;* 0,30;;
DYSATEX;ROYAL OXFORD 40-1;48010;14,54848485;ALBINI;0;0;0;0;0;147418;;0;0;0;700000;;0;0;0;0;240;0;;;;;;;
DYSATEX;ROYAL TWILL 300-1;61347;18,59;ALBINI;0;0;0;0;0;171424,6;;0;0;0;700000;;0;0;0;0;240;0;;;;;;;
DYSATEX;PORTLAND 120;72590;21,9969697;ALBINI;0;0;0;0;0;191662;;0;0;0;700000;;0;0;0;0;240;0;;;;;;;
DYSATEX;ROYALONE 78-16;72590;21,9969697;ALBINI;0;0;0;0;0;191662;;0;0;0;700000;;0;0;0;0;240;0;;;;;;;
DYSATEX;GAB LONDRA;72590;21,9969697;ALBINI;0;0;0;0;0;191662;;0;0;0;700000;;0;0;0;0;240;0;;;;;;;
DYSATEX;DOWNING;72590;21,9969697;ALBINI;0;0;0;0;0;191662;;0;0;0;700000;;0;0;0;0;240;0;;;;;;;
DYSATEX;TOWER PREMIUM;72590;21,9969697;ALBINI;0;0;0;0;0;191662;;0;0;0;700000;;0;0;0;0;240;0;;;;;;;
DYSATEX;DUKE PREMIUM 34-1 / 34-3;72590;21,9969697;ALBINI;0;0;0;0;0;191662;;0;0;0;700000;;0;0;0;0;240;0;;;;;;;
DYSATEX;TWILL GOLD LINE 402-83;72590;21,9969697;ALBINI;0;0;0;0;0;191662;;0;0;0;550000;;0;0;0;0;220;0;;;;;;;
DYSATEX;DUKE PREM PLUS 40-15;72590;21,9969697;ALBINI;0;0;0;0;0;191662;;0;0;0;550000;;0;0;0;0;220;0;;;;;;;
DYSATEX;ROYAL TW GOLD 056-33;72590;21,9969697;ALBINI;0;0;0;0;0;191662;;0;0;0;550000;;0;0;0;0;220;0;;;;;;;
DYSATEX;YOGA TWILL 162-11;72590;21,9969697;ALBINI;0;0;0;0;0;191662;;0;0;0;550000;;0;0;0;0;220;0;;;;;;;
DYSATEX;ZEPHIR 18 484-37 / 181-190;81615;24,73181818;ALBINI;0;0;0;0;0;207907;;0;0;0;550000;;0;0;0;0;220;0;;;;;;;
DYSATEX;ROYAL 123-1 / 123-3;94962;28,77636364;ALBINI;0;0;0;0;0;231931,6;;0;0;0;550000;;0;0;0;0;220;0;;;;;;;
DYSATEX;TWILL 121-1 / 121-2;122570;37,14242424;ALBINI;0;0;0;0;0;281626;;0;0;0;550000;;0;0;0;0;220;0;;;;;;;
DYSATEX;ZEPHIR 180-1 / 180-8;131257;39,77484848;ALBINI;0;0;0;0;0;297262,6;;0;0;0;550000;;0;0;0;0;220;0;;;;;;;
DYSATEX;COMFORT 130-1 / 130-9;131257;39,77484848;ALBINI;0;0;0;0;0;297262,6;;0;0;0;550000;;0;0;0;0;220;0;;;;;;;
DYSATEX;DUKE 127-1 / 127-4;150650;45,65151515;ALBINI;0;0;0;0;0;332170;;0;0;0;550000;;0;0;0;0;220;0;;;;;;;
DYSATEX;EFIRE;150650;45,65151515;ALBINI;0;0;0;0;0;332170;;0;0;0;550000;;0;0;0;0;220;0;;;;;;;
DYSATEX;MUSSOLETA;150650;45,65151515;ALBINI;0;0;0;0;0;332170;;0;0;0;550000;;0;0;0;0;220;0;;;;;;;
DYSATEX;NET WASHED;150650;45,65151515;ALBINI;0;0;0;0;0;332170;;0;0;0;550000;;0;0;0;0;220;0;;;;;;;
DYSATEX;SAHARA;158195;47,93787879;ALBINI;0;0;0;0;0;345751;;0;0;0;550000;;0;0;0;0;220;0;;;;;;;
DYSATEX;SUPIMA ORGANIC;77832;23,58545455;ALBINI;0;0;0;0;0;201097,6;;0;0;0;550000;;0;0;0;0;220;0;;;;;;;
DYSATEX;PIQUET 126-1 / 126-6;77350;23,43939394;ALBINI;0;0;0;0;0;200230;;0;0;0;550000;;0;0;0;0;220;0;;;;;;;
DYSATEX;POP QUEEN 128-1 / 128-11;77350;23,43939394;ALBINI;0;0;0;0;0;200230;;0;0;0;550000;;0;0;0;0;220;0;;;;;;;
DYSATEX;TWILL GOLD 100-1 / 100-3;145787;44,17787879;ALBINI;0;0;0;0;0;323416,6;;0;0;0;550000;;0;0;0;0;220;0;;;;;;;
DYSATEX;METZ 124-1 - METZ 124-18;77350;23,43939394;ALBINI;0;0;0;0;0;200230;;0;0;0;550000;;0;0;0;0;220;0;;;;;;;
DYSATEX;PANAMA 125-1 - PANAMA 125-16;88700;26,87878788;ALBINI;0;0;0;0;0;220660;;0;0;0;550000;;0;0;0;0;220;0;;;;;;;
DYSATEX;TOLOSA 122-1 - TORONTO 122-11;99304;30,09212121;ALBINI;0;0;0;0;0;239747,2;;0;0;0;550000;;0;0;0;0;220;0;;;;;;;
DYSATEX;TWILL GOLD 801-3;131257;39,77484848;ALBINI;0;0;0;0;0;297262,6;;0;0;0;550000;;0;0;0;0;220;0;;;;;;;
DYSATEX;METZ 206-350;131257;39,77484848;ALBINI;0;0;0;0;0;297262,6;;0;0;0;550000;;0;0;0;0;220;0;;;;;;;
DYSATEX;METZ  205-350;145787;44,17787879;ALBINI;0;0;0;0;0;323416,6;;0;0;0;550000;;0;0;0;0;220;0;;;;;;;
DYSATEX;METZ 204-120;145787;44,17787879;ALBINI;0;0;0;0;0;323416,6;;0;0;0;550000;;0;0;0;0;220;0;;;;;;;
DYSATEX;METZ 202-120;145787;44,17787879;ALBINI;0;0;0;0;0;323416,6;;0;0;0;550000;;0;0;0;0;220;0;;;;;;;
DYSATEX;TIRRENO 700-116 - 700-120;145787;44,17787879;ALBINI;0;0;0;0;0;323416,6;;0;0;0;550000;;0;0;0;0;220;0;;;;;;;
DYSATEX;DOBBY 73-119;179093;54,27060606;ALBINI;0;0;0;0;0;383367,4;;0;0;0;550000;;0;0;0;0;220;0;;;;;;;
DYSATEX;LA;36270;10,99090909;LINO;516064;645080;137151;378913;139016;126286;1600000;2080000;560000;1200000;380000;;520;676;182;390;0;0;;;;;;;
DYSATEX;L0;31530;9,554545455;LINO;500896;626120;130989;369907;135224;117754;1600000;2080000;560000;1200000;380000;;520;676;182;390;0;0;;;;;;;
DYSATEX;L1;37271;11,29424242;LINO;519267,2;649084;138452,3;380814,9;139816,8;128087,8;1600000;2080000;560000;1200000;380000;;520;676;182;390;0;0;;;;;;;
DYSATEX;L2;49777;15,08393939;LINO;559286,4;699108;154710,1;404576,3;149821,6;150598,6;1600000;2080000;560000;1200000;380000;;520;676;182;390;0;0;;;;;;;
DYSATEX;L2A;53530;16,22121212;LINO;571296;714120;159589;411707;152824;157354;1600000;2080000;560000;1200000;380000;;520;676;182;390;0;0;;;;;;;
DYSATEX;L3;62284;18,87393939;LINO;599308,8;749136;170969,2;428339,6;159827,2;173111,2;1600000;2080000;560000;1200000;380000;;520;676;182;390;0;0;;;;;;;
DYSATEX;L3A;65036;19,70787879;LINO;608115,2;760144;174546,8;433568,4;162028,8;178064,8;1600000;2080000;560000;1200000;380000;;520;676;182;390;0;0;;;;;;;
DYSATEX;L4;70039;21,22393939;LINO;624124,8;780156;181050,7;443074,1;166031,2;187070,2;1600000;2080000;560000;1200000;380000;;520;676;182;390;0;0;;;;;;;
DYSATEX;L5;76042;23,0430303;LINO;643334,4;804168;188854,6;454479,8;170833,6;197875,6;1600000;2080000;560000;1200000;380000;;520;676;182;390;0;0;;;;;;;
DYSATEX;LT;66774;20,23454545;LINO;613676,8;767096;176806,2;436870,6;163419,2;181193,2;1600000;2080000;560000;1200000;380000;;520;676;182;390;0;0;;;;;;;
DYSATEX;683;30613;9,276666667;DONNA;497961,6;622452;129796,9;368164,7;134490,4;0;1500000;1950000;525000;1125000;;;520;676;182;390;0;0;;;;;;;
DYSATEX;685-15 / 685-31;30613;9,276666667;DONNA;497961,6;622452;129796,9;368164,7;134490,4;0;1500000;1950000;525000;1125000;;;520;676;182;390;0;0;;;;;;;
DYSATEX;500;30613;9,276666667;DONNA;497961,6;622452;129796,9;368164,7;134490,4;0;1500000;1950000;525000;1125000;;;520;676;182;390;0;0;;;;;;;
DYSATEX;510;30613;9,276666667;DONNA;497961,6;622452;129796,9;368164,7;134490,4;0;1500000;1950000;525000;1125000;;;520;676;182;390;0;0;;;;;;;
DYSATEX;770;30613;9,276666667;DONNA;497961,6;622452;129796,9;368164,7;134490,4;0;1500000;1950000;525000;1125000;;;520;676;182;390;0;0;;;;;;;
DYSATEX;772;30613;9,276666667;DONNA;497961,6;622452;129796,9;368164,7;134490,4;0;1500000;1950000;525000;1125000;;;520;676;182;390;0;0;;;;;;;
DYSATEX;776;30613;9,276666667;DONNA;497961,6;622452;129796,9;368164,7;134490,4;0;1500000;1950000;525000;1125000;;;520;676;182;390;0;0;;;;;;;
DYSATEX;871;30613;9,276666667;DONNA;497961,6;622452;129796,9;368164,7;134490,4;0;1500000;1950000;525000;1125000;;;520;676;182;390;0;0;;;;;;;
DYSATEX;886;30613;9,276666667;DONNA;497961,6;622452;129796,9;368164,7;134490,4;0;1500000;1950000;525000;1125000;;;520;676;182;390;0;0;;;;;;;
DYSATEX;901;30613;9,276666667;DONNA;497961,6;622452;129796,9;368164,7;134490,4;0;1500000;1950000;525000;1125000;;;520;676;182;390;0;0;;;;;;;
DYSATEX;970;30613;9,276666667;DONNA;497961,6;622452;129796,9;368164,7;134490,4;0;1500000;1950000;525000;1125000;;;520;676;182;390;0;0;;;;;;;
DYSATEX;972;30613;9,276666667;DONNA;497961,6;622452;129796,9;368164,7;134490,4;0;1500000;1950000;525000;1125000;;;520;676;182;390;0;0;;;;;;;
DYSATEX;973;30613;9,276666667;DONNA;497961,6;622452;129796,9;368164,7;134490,4;0;1500000;1950000;525000;1125000;;;520;676;182;390;0;0;;;;;;;
DYSATEX;PALATINO;30613;9,276666667;DONNA;497961,6;622452;129796,9;368164,7;134490,4;0;1500000;1950000;525000;1125000;;;520;676;182;390;0;0;;;;;;;
DYSATEX;M12401/4;30613;9,276666667;DONNA;497961,6;622452;129796,9;368164,7;134490,4;0;1500000;1950000;525000;1125000;;;520;676;182;390;0;0;;;;;;;
DYSATEX;MOUFLON;30613;9,276666667;DONNA;497961,6;622452;129796,9;368164,7;134490,4;0;1500000;1950000;525000;1125000;;;520;676;182;390;0;0;;;;;;;
DYSATEX;779-02 / 779-04;41650;12,62121212;DONNA;533280;666600;144145;389135;143320;0;1500000;1950000;525000;1125000;;;520;676;182;390;0;0;;;;;;;
DYSATEX;B124/1;19214;5,822424242;DONNA;461484,8;576856;114978,2;346506,6;125371,2;0;1500000;1950000;525000;1125000;;;520;676;182;390;0;0;;;;;;;
DYSATEX;D47 / D71;117334;35,55575758;DINAMICO;775468,8;969336;242534,2;532934,6;203867,2;0;2300000;2990000;900000;1725000;;;790;1027;276,5;592,5;0;0;;;;;;;
DYSATEX;D47 130-01 / 20;117334;35,55575758;DINAMICO;775468,8;969336;242534,2;532934,6;203867,2;0;2300000;2990000;900000;1725000;;;790;1027;276,5;592,5;0;0;;;;;;;
DYSATEX;D49 (TODAS);125664;38,08;DINAMICO;802124,8;1002656;253363,2;548761,6;210531,2;0;2300000;2990000;900000;1725000;;;790;1027;276,5;592,5;0;0;;;;;;;
DYSATEX;D275;117334;35,55575758;BARRINGTON S'120;775468,8;969336;242534,2;532934,6;203867,2;0;2750000;3575000;1237500;2062500;;;1100;1430;385;825;0;0;;;;;;;
DYSATEX;33;166362;50,41272727;BARRINGTON S'120;932358,4;1165448;306270,6;626087,8;243089,6;0;2750000;3575000;1237500;2062500;;;1100;1430;385;825;0;0;;;;;;;
DYSATEX;B19-140;185901;56,33363636;BARRINGTON S'120;994883,2;1243604;331671,3;663211,9;258720,8;0;2750000;3575000;1237500;2062500;;;1100;1430;385;825;0;0;;;;;;;
DYSATEX;B19-180;185901;56,33363636;BARRINGTON S'120;994883,2;1243604;331671,3;663211,9;258720,8;0;2750000;3575000;1237500;2062500;;;1100;1430;385;825;0;0;;;;;;;
DYSATEX;B22-170;185901;56,33363636;BARRINGTON S'120;994883,2;1243604;331671,3;663211,9;258720,8;0;2750000;3575000;1237500;2062500;;;1100;1430;385;825;0;0;;;;;;;
DYSATEX;B28-290;185901;56,33363636;BARRINGTON S'120;994883,2;1243604;331671,3;663211,9;258720,8;0;2750000;3575000;1237500;2062500;;;1100;1430;385;825;0;0;;;;;;;
DYSATEX;B38-250;185901;56,33363636;BARRINGTON S'120;994883,2;1243604;331671,3;663211,9;258720,8;0;2750000;3575000;1237500;2062500;;;1100;1430;385;825;0;0;;;;;;;
DYSATEX;B50;199600;60,48484848;BARRINGTON S'120;1038720;1298400;349480;689240;269680;0;2750000;3575000;1237500;2062500;;;1100;1430;385;825;0;0;;;;;;;
DYSATEX;ART. 49-36 / 50-17;139827;42,37181818;LANIFICIO DE PRAY;0;0;0;575671,3;0;0;;0;;1800000;;;0;0;0;0;0;0;;;;;;;
DYSATEX;ART. 21 / 17-19 / 78;139827;42,37181818;LANIFICIO DE PRAY;0;0;0;575671,3;0;0;;0;;1800000;;;0;0;0;0;0;0;;;;;;;
DYSATEX;ART. 52;156086;47,29878788;LANIFICIO DE PRAY;0;0;0;606563,4;0;0;;0;;1800000;;;0;0;0;0;0;0;;;;;;;
DYSATEX;ART. 42-2817;167342;50,70969697;LANIFICIO DE PRAY;0;0;0;627949,8;0;0;;0;;1800000;;;0;0;0;0;0;0;;;;;;;
DYSATEX;ART. 71-55;174846;52,98363636;LANIFICIO DE PRAY;0;0;0;642207,4;0;0;;0;;1800000;;;0;0;0;0;0;0;;;;;;;
DYSATEX;ART. 35-88;191105;57,91060606;LANIFICIO DE PRAY;0;0;0;673099,5;0;0;;0;;1800000;;;0;0;0;0;0;0;;;;;;;
DYSATEX;ART. 49 Y 50;167342;50,70969697;LANIFICIO DE PRAY;0;0;0;627949,8;0;0;;0;;1800000;;;0;0;0;0;0;0;;;;;;;
DYSATEX;ART. 38 / 42 / 44;222623;67,46151515;LANIFICIO DE PRAY;0;0;0;732983,7;0;0;;0;;1800000;;;0;0;0;0;0;0;;;;;;;
DYSATEX;ART. 31;235968;71,50545455;LANIFICIO DE PRAY;0;0;0;758339,2;0;0;;0;;1800000;;;0;0;0;0;0;0;;;;;;;
DYSATEX;ART. 248 / 35 / 72;247462;74,98848485;LANIFICIO DE PRAY;0;0;0;780177,8;0;0;;0;;1800000;;;0;0;0;0;0;0;;;;;;;
DYSATEX;48 Y 77;191105;57,91060606;LANIFICIO DE PRAY;0;0;0;673099,5;0;0;;0;;1800000;;;0;0;0;0;0;0;;;;;;;
DYSATEX;24 Y 25;222623;67,46151515;LANIFICIO DE PRAY;0;0;0;732983,7;0;0;;0;;1800000;;;0;0;0;0;0;0;;;;;;;
DYSATEX; 28 Y 41;235968;71,50545455;LANIFICIO DE PRAY;0;0;0;758339,2;0;0;;0;;1800000;;;0;0;0;0;0;0;;;;;;;
DYSATEX; 20 / 85 / 90;247462;74,98848485;LANIFICIO DE PRAY;0;0;0;780177,8;0;0;;0;;1800000;;;0;0;0;0;0;0;;;;;;;
DYSATEX;535 (FLANNEL);185202;56,12181818;VBC S'110;992646,4;1240808;330762,6;661883,8;258161,6;0;2750000;3575000;1125000;2062500;;;990;1287;346,5;742,5;0;0;;;;;;;
DYSATEX;486;198852;60,25818182;VBC S'110;1036326,4;1295408;348507,6;687818,8;269081,6;0;2750000;3575000;1125000;2062500;;;990;1287;346,5;742,5;0;0;;;;;;;
DYSATEX;5592;198852;60,25818182;VBC S'110;1036326,4;1295408;348507,6;687818,8;269081,6;0;2750000;3575000;1125000;2062500;;;990;1287;346,5;742,5;0;0;;;;;;;
DYSATEX;586;198852;60,25818182;VBC S'110;1036326,4;1295408;348507,6;687818,8;269081,6;0;2750000;3575000;1125000;2062500;;;990;1287;346,5;742,5;0;0;;;;;;;
DYSATEX;886;198852;60,25818182;VBC S'110;1036326,4;1295408;348507,6;687818,8;269081,6;0;2750000;3575000;1125000;2062500;;;990;1287;346,5;742,5;0;0;;;;;;;
DYSATEX;887;198852;60,25818182;VBC S'110;1036326,4;1295408;348507,6;687818,8;269081,6;0;2750000;3575000;1125000;2062500;;;990;1287;346,5;742,5;0;0;;;;;;;
DYSATEX;10;198852;60,25818182;VBC S'110;1036326,4;1295408;348507,6;687818,8;269081,6;0;2750000;3575000;1125000;2062500;;;990;1287;346,5;742,5;0;0;;;;;;;
DYSATEX;JACKET (21 MICRON);198852;60,25818182;VBC S'110;1036326,4;1295408;348507,6;687818,8;269081,6;0;2750000;3575000;1125000;2062500;;;990;1287;346,5;742,5;0;0;;;;;;;
DYSATEX;887;233978;70,90242424;VBC S'110;1148729,6;1435912;394171,4;754558,2;297182,4;0;2750000;3575000;1125000;2062500;;;990;1287;346,5;742,5;0;0;;;;;;;
DYSATEX;610;233978;70,90242424;VBC S'110;1148729,6;1435912;394171,4;754558,2;297182,4;0;2750000;3575000;1125000;2062500;;;990;1287;346,5;742,5;0;0;;;;;;;
DYSATEX;550;233978;70,90242424;VBC S'110;1148729,6;1435912;394171,4;754558,2;297182,4;0;2750000;3575000;1125000;2062500;;;990;1287;346,5;742,5;0;0;;;;;;;
DYSATEX;886;233978;70,90242424;VBC S'110;1148729,6;1435912;394171,4;754558,2;297182,4;0;2750000;3575000;1125000;2062500;;;990;1287;346,5;742,5;0;0;;;;;;;
DYSATEX;610;233978;70,90242424;VBC S'110;1148729,6;1435912;394171,4;754558,2;297182,4;0;2750000;3575000;1125000;2062500;;;990;1287;346,5;742,5;0;0;;;;;;;
DYSATEX;489;233978;70,90242424;VBC S'110;1148729,6;1435912;394171,4;754558,2;297182,4;0;2750000;3575000;1125000;2062500;;;990;1287;346,5;742,5;0;0;;;;;;;
DYSATEX;5599;233978;70,90242424;VBC S'110;1148729,6;1435912;394171,4;754558,2;297182,4;0;2750000;3575000;1125000;2062500;;;990;1287;346,5;742,5;0;0;;;;;;;
DYSATEX;549;233978;70,90242424;VBC S'110;1148729,6;1435912;394171,4;754558,2;297182,4;0;2750000;3575000;1125000;2062500;;;990;1287;346,5;742,5;0;0;;;;;;;
DYSATEX;874;233978;70,90242424;VBC S'110;1148729,6;1435912;394171,4;754558,2;297182,4;0;2750000;3575000;1125000;2062500;;;990;1287;346,5;742,5;0;0;;;;;;;
DYSATEX;NATURAL STRECH;233978;70,90242424;VBC S'110;1148729,6;1435912;394171,4;754558,2;297182,4;0;2750000;3575000;1125000;2062500;;;990;1287;346,5;742,5;0;0;;;;;;;
DYSATEX;86;244322;74,0369697;VBC S'110;1181830,4;1477288;407618,6;774211,8;305457,6;0;2750000;3575000;1125000;2062500;;;990;1287;346,5;742,5;0;0;;;;;;;
DYSATEX;876;244322;74,0369697;VBC S'110;1181830,4;1477288;407618,6;774211,8;305457,6;0;2750000;3575000;1125000;2062500;;;990;1287;346,5;742,5;0;0;;;;;;;
DYSATEX;MOHAIR;244322;74,0369697;VBC S'110;1181830,4;1477288;407618,6;774211,8;305457,6;0;2750000;3575000;1125000;2062500;;;990;1287;346,5;742,5;0;0;;;;;;;
DYSATEX;48 / JACQUARD;373147;113,0748485;VBC S'110;1594070,4;1992588;575091,1;1018979,3;408517,6;0;2750000;3575000;1125000;2062500;;;990;1287;346,5;742,5;0;0;;;;;;;
DYSATEX;333 NATURAL STRECH FLANNEL ;259567;78,65666667;VBC S'120;1230614,4;1538268;427437,1;803177,3;317653,6;0;3150000;4095000;1237500;2362500;;;1100;1430;385;825;0;0;;;;;;;
DYSATEX;599 / FLANNEL ;259567;78,65666667;VBC S'120;1230614,4;1538268;427437,1;803177,3;317653,6;0;3150000;4095000;1237500;2362500;;;1100;1430;385;825;0;0;;;;;;;
DYSATEX;889 / SATEEN;341605;103,5166667;VBC S'120;1493136;1866420;534086,5;959049,5;383284;0;3150000;4095000;1237500;2362500;;;1100;1430;385;825;0;0;;;;;;;
DYSATEX;513 / 813 / 413 / 511;248387;75,26878788;VBC S'150;1194838,4;1493548;412903,1;781935,3;308709,6;0;3500000;4550000;1575000;2625000;;;1500;1950;525;1125;0;0;;;;;;;
DYSATEX;419 / 519 / 819;314694;95,36181818;VBC S'150;1407020,8;1758776;499102,2;907918,6;361755,2;0;3500000;4550000;1575000;2625000;;;1500;1950;525;1125;0;0;;;;;;;
DYSATEX;139 / 520-801;353354;107,0769697;VBC S'150;1530732,8;1913416;549360,2;981372,6;392683,2;0;3500000;4550000;1575000;2625000;;;1500;1950;525;1125;0;0;;;;;;;
DYSATEX;3007;202300;61,3030303;JOHN CAVENDISH;1047360;1309200;352990;694370;271840;0;3500000;4550000;1350000;2625000;;;1137,222222;1478,388889;398,0277778;852,9166667;0;0;;;;;;;
DYSATEX;C255 / C3018 / C3009;236215;71,58030303;JOHN CAVENDISH;1155888;1444860;397079,5;758808,5;298972;0;3800000;4940000;1507500;2850000;;;1285,555556;1671,222222;449,9444444;964,1666667;0;0;;;;;;;
DYSATEX;C3118;326955;99,07727273;JOHN CAVENDISH;1446256;1807820;515041,5;931214,5;371564;0;3800000;4940000;1507500;2850000;;;1285,555556;1671,222222;449,9444444;964,1666667;0;0;;;;;;;
DYSATEX;C3119;633080;191,8424242;JOHN CAVENDISH;2425856;3032320;913004;1512852;616464;0;3800000;4940000;1507500;2850000;;;1285,555556;1671,222222;449,9444444;964,1666667;0;0;;;;;;;
DYSATEX;C1300 / C1183;312542;94,70969697;JOHN CAVENDISH;1400134,4;1750168;496304,6;903829,8;360033,6;0;4400000;5720000;1710000;3300000;;;1483,333333;1928,333333;519,1666667;1112,5;0;0;;;;;;;
DYSATEX;C208;312542;94,70969697;JOHN CAVENDISH;1400134,4;1750168;496304,6;903829,8;360033,6;0;4600000;5980000;1777500;3450000;;;1582,222222;2056,888889;553,7777778;1186,666667;0;0;;;;;;;
DYSATEX;C1124;420546;127,4381818;JOHN CAVENDISH;1745747,2;2182184;636709,8;1109037,4;446436,8;0;5850000;7605000;2025000;4387500;;;1980;2574;693;1485;0;0;;;;;;;
DYSATEX;17001 - 17003 / 08-11 / 16-22;561000;170;LIGHT PANAMA;2195200;2744000;819300;1375900;558800;0;;0;;0;;;1800;2340;630;1350;0;0;;;;;;;
DYSATEX;17004 - 17007 / 12-15 / 23-39;521400;158;LIGHT PANAMA;2068480;2585600;767820;1300660;527120;0;;0;;0;;;1800;2340;630;1350;0;0;;;;;;;
DYSATEX;17040 - 17068;475200;144;LIGHT PANAMA;1920640;2400800;707760;1212880;490160;0;;0;;0;;;1800;2340;630;1350;0;0;;;;;;;
DYSATEX;14001 - 14057;491700;149;RAINBOW;1973440;2466800;729210;1244230;503360;0;4200000;5460000;1470000;3150000;;;0;0;0;0;0;0;;;;;;;
DYSATEX;15101 - 15121;508200;154;MOHAIR;2026240;2532800;750660;1275580;516560;0;;0;;0;;;1800;2340;630;1350;0;0;;;;;;;
DYSATEX;15122 - 15129;600600;182;MOHAIR;2321920;2902400;870780;1451140;590480;0;;0;;0;;;1800;2340;630;1350;0;0;;;;;;;
DYSATEX;15130 - 15137;504900;153;MOHAIR;2015680;2519600;746370;1269310;513920;0;;0;;0;;;1800;2340;630;1350;0;0;;;;;;;
DYSATEX;15138 - 15142;917400;278;MOHAIR;3335680;4169600;1282620;2053060;843920;0;;0;;0;;;1800;2340;630;1350;0;0;;;;;;;
DYSATEX;15143 - 15146;679800;206;MOHAIR;2575360;3219200;973740;1601620;653840;0;;0;;0;;;1800;2340;630;1350;0;0;;;;;;;
DYSATEX;40101 - 40160;1306800;396;GREENHILLS S'180;4581760;5727200;1788840;2792920;1155440;0;8000000;10400000;2800000;6000000;;;0;0;0;0;0;0;;;;;;;
VILLEGAS;CORBATA YAKAR;160000;48,48484848;ACCESORIOS;0;0;0;0;0;0;;0;;0;;350000;0;0;0;0;0;130;;;;;;;
VILLEGAS;CORBATA TWILL;150000;45,45454545;ACCESORIOS;0;0;0;0;0;0;;0;;0;;350000;0;0;0;0;0;130;;;;;;;
VILLEGAS;CORBATA POLIESTER;80000;24,24242424;ACCESORIOS;0;0;0;0;0;0;;0;;0;;220000;0;0;0;0;0;80;;;;;;;
VILLEGAS;MANCORNA;110000;33,33333333;ACCESORIOS;0;0;0;0;0;0;;0;;0;;280000;0;0;0;0;0;90;;;;;;;
VILLEGAS;PAÑUELO;100000;30,3030303;ACCESORIOS;0;0;0;0;0;0;;0;;0;;220000;0;0;0;0;0;80;;;;;;;
